[{
  "_id": {
    "$oid": "68f265966fb4862d984a24a0"
  },
  "name": "Ali Khan",
  "email": "ali.khan@example.com",
  "subscription_type": "Premium",
  "created_at": {
    "$date": "2025-10-17T15:49:42.402Z"
  }
},
{
  "_id": {
    "$oid": "68f265966fb4862d984a24a4"
  },
  "name": "Bilal Javed",
  "email": "bilal.javed@example.com",
  "subscription_type": "Free",
  "created_at": {
    "$date": "2025-10-17T15:49:42.402Z"
  }
},
{
  "_id": {
    "$oid": "68f265966fb4862d984a24a5"
  },
  "name": "Nimra Tariq",
  "email": "nimra.tariq@example.com",
  "subscription_type": "Premium",
  "created_at": {
    "$date": "2025-10-17T15:49:42.402Z"
  }
},
{
  "_id": {
    "$oid": "68f265966fb4862d984a24a7"
  },
  "name": "Ayesha Malik",
  "email": "ayesha.malik@example.com",
  "subscription_type": "Free",
  "created_at": {
    "$date": "2025-10-17T15:49:42.402Z"
  }
},
{
  "_id": {
    "$oid": "68f265966fb4862d984a24a9"
  },
  "name": "Laiba Qureshi",
  "email": "laiba.qureshi@example.com",
  "subscription_type": "Premium",
  "created_at": {
    "$date": "2025-10-17T15:49:42.402Z"
  }
},
{
  "_id": {
    "$oid": "68f265966fb4862d984a24b2"
  },
  "name": "Hamza Irfan",
  "email": "hamza.irfan@example.com",
  "subscription_type": "Free",
  "created_at": {
    "$date": "2025-10-17T15:49:42.402Z"
  }
},
{
  "_id": {
    "$oid": "68f265966fb4862d984a24a2"
  },
  "name": "Usman Iqbal",
  "email": "usman.iqbal@example.com",
  "subscription_type": "Premium",
  "created_at": {
    "$date": "2025-10-17T15:49:42.402Z"
  }
},
{
  "_id": {
    "$oid": "68f265966fb4862d984a24a3"
  },
  "name": "Hira Naseer",
  "email": "hira.naseer@example.com",
  "subscription_type": "Premium",
  "created_at": {
    "$date": "2025-10-17T15:49:42.402Z"
  }
},
{
  "_id": {
    "$oid": "68f265966fb4862d984a24b1"
  },
  "name": "Rabia Noman",
  "email": "rabia.noman@example.com",
  "subscription_type": "Free",
  "created_at": {
    "$date": "2025-10-17T15:49:42.402Z"
  }
},
{
  "_id": {
    "$oid": "68f265966fb4862d984a24a6"
  },
  "name": "Hassan Raza",
  "email": "hassan.raza@example.com",
  "subscription_type": "Free",
  "created_at": {
    "$date": "2025-10-17T15:49:42.402Z"
  }
},
{
  "_id": {
    "$oid": "68f265966fb4862d984a24aa"
  },
  "name": "Murtaza Shah",
  "email": "murtaza.shah@example.com",
  "subscription_type": "Premium",
  "created_at": {
    "$date": "2025-10-17T15:49:42.402Z"
  }
},
{
  "_id": {
    "$oid": "68f265966fb4862d984a24ab"
  },
  "name": "Zainab Imran",
  "email": "zainab.imran@example.com",
  "subscription_type": "Standard",
  "created_at": {
    "$date": "2025-10-17T15:49:42.402Z"
  }
},
{
  "_id": {
    "$oid": "68f265966fb4862d984a24ad"
  },
  "name": "Fariha Khan",
  "email": "fariha.khan@example.com",
  "subscription_type": "Premium",
  "created_at": {
    "$date": "2025-10-17T15:49:42.402Z"
  }
},
{
  "_id": {
    "$oid": "68f265966fb4862d984a24ae"
  },
  "name": "Owais Anwar",
  "email": "owais.anwar@example.com",
  "subscription_type": "Standard",
  "created_at": {
    "$date": "2025-10-17T15:49:42.402Z"
  }
},
{
  "_id": {
    "$oid": "68f265966fb4862d984a24af"
  },
  "name": "Amna Sohail",
  "email": "amna.sohail@example.com",
  "subscription_type": "Standard",
  "created_at": {
    "$date": "2025-10-17T15:49:42.402Z"
  }
},
{
  "_id": {
    "$oid": "68f265966fb4862d984a24b0"
  },
  "name": "Taha Yousaf",
  "email": "taha.yousaf@example.com",
  "subscription_type": "Premium",
  "created_at": {
    "$date": "2025-10-17T15:49:42.402Z"
  }
},
{
  "_id": {
    "$oid": "68f265966fb4862d984a24b3"
  },
  "name": "Fatima Saeed",
  "email": "fatima.saeed@example.com",
  "subscription_type": "Premium",
  "created_at": {
    "$date": "2025-10-17T15:49:42.402Z"
  }
},
{
  "_id": {
    "$oid": "68f265966fb4862d984a24a1"
  },
  "name": "Sara Ahmed",
  "email": "sara.ahmed@example.com",
  "subscription_type": "Free",
  "created_at": {
    "$date": "2025-10-17T15:49:42.402Z"
  }
},
{
  "_id": {
    "$oid": "68f265966fb4862d984a24a8"
  },
  "name": "Farhan Siddiqui",
  "email": "farhan.siddiqui@example.com",
  "subscription_type": "Free",
  "created_at": {
    "$date": "2025-10-17T15:49:42.402Z"
  }
},
{
  "_id": {
    "$oid": "68f265966fb4862d984a24ac"
  },
  "name": "Danish Ali",
  "email": "danish.ali@example.com",
  "subscription_type": "Premium",
  "created_at": {
    "$date": "2025-10-17T15:49:42.402Z"
  }
},
{
  "_id": {
    "$oid": "68f61a544492c966691f91da"
  },
  "name": "Taha",
  "email": "taha.saeed339@gmail.com",
  "subscription_type": "Premium",
  "created_at": {
    "$date": "2025-10-20T11:17:40.990Z"
  }
},
{
  "_id": {
    "$oid": "68f61c382d946b24c8ab4146"
  },
  "name": "Abdullah Saboor",
  "email": "abdSbr@gmail.com",
  "subscription_type": "Standard",
  "created_at": {
    "$date": "2025-10-20T11:25:44.059Z"
  }
}]